Latitudes,Longitudes,City,Temperature(F),Humidity(%),Cloudiness(%),Windspeed(mph)
-66.59008739162086,83.50231404280686,busselton,18.68,95,76,12.21
-60.872104732080075,-132.39172729607859,rikitea,33.98,100,0,16.35
0.20282163815019771,117.37993977777393,bontang,80.46,100,80,4.27
81.97938547221219,-130.5981633868413,tuktoyaktuk,-25.97,81,20,2.59
-20.01303124997203,-105.36966677351924,puerto ayora,72.41,100,76,14.45
67.29579726903478,-109.74492818432877,yellowknife,13.55,84,76,9.64
7.721984806347791,-148.0760829107734,hilo,81.14,98,32,21.72
16.73728772431221,141.65463666718568,airai,79.7,100,48,17.02
-42.61720059795117,9.926994691681472,cape town,51.62,100,92,13.78
-40.219205551720556,-166.08798637307535,avarua,65.21,96,80,19.48
8.535734704922817,-29.336869814837826,sao filipe,76.73,100,24,14.45
-44.263411811766154,-62.10611498091474,rawson,62.46,98,92,11.54
-45.390001250946185,-43.61141441880898,chuy,60.93,92,0,27.09
-83.05503460103313,165.6276263695218,bluff,-3.65,68,64,1.59
1.9625359696102578,-134.00892914090008,atuona,77.36,98,64,14.0
33.33746825572881,-136.96599253198468,fortuna,58.19,100,80,11.21
16.090702679824204,83.37333183896897,yanam,80.42,100,8,7.18
43.76550029524864,-46.3641131472659,torbay,54.81,97,92,15.79
-13.955147555668646,30.086532292383197,serenje,64.94,92,12,1.59
10.584693319106705,0.8865942997372258,mango,80.28,76,24,10.09
66.1919613855693,144.98985242214684,khonuu,-19.85,53,12,1.7
-34.292989379409555,-85.60027347009752,lebu,66.24,100,80,26.53
5.829701861965447,-34.812680330726806,trairi,78.35,100,92,17.47
58.552676065485315,-2.812893363203699,wick,36.43,74,32,34.45
-30.78507578275653,-179.458603813714,vaini,70.97,100,92,14.0
5.210364626569174,159.8251206061487,namatanai,77.63,100,76,16.24
-86.61674160165198,-145.12706551476364,mataura,-19.4,63,64,7.07
42.269131741889,30.4665730007643,agva,52.34,84,32,15.68
-14.279231446192227,8.289534370924827,namibe,74.61,100,80,14.9
-44.07872476842309,169.90558399294116,fairlie,52.74,78,20,1.36
47.453914712062186,-143.78563651185289,sitka,44.33,100,92,10.87
79.60846411060172,143.9725584227578,chokurdakh,-9.05,85,68,11.32
-28.85608728064546,153.22265979753678,lismore,76.28,85,0,3.49
28.70135740343443,159.34686614151798,sentyabrskiy,68.27,95,56,16.8
53.495558436008764,74.94247410986415,bolshegrivskoye,13.41,71,48,2.93
66.59112620606788,-168.8770659661085,lavrentiya,-10.76,100,8,20.27
-42.40863233168718,42.54214433064979,margate,54.68,100,100,27.31
62.59344483892619,-25.808951746079288,olafsvik,45.63,93,92,28.54
-16.360785701933324,102.61796851575485,palabuhanratu,80.78,100,56,19.71
-52.69121842154816,-91.19660651596685,castro,45.77,100,20,24.07
41.28219642000667,-134.64101792028572,eureka,48.65,100,88,16.24
-85.1120774345509,-122.11766742651926,punta arenas,-5.67,79,68,17.47
-72.68144447702426,3.024644447362789,hermanus,-29.16,33,0,14.12
25.580263698346826,24.694559675905566,jalu,63.09,38,0,10.31
-46.042082577566156,163.65530504344468,tuatapere,53.64,100,0,3.6
55.002954092055035,-23.391156490733664,grindavik,46.58,100,92,10.42
3.9683535431648806,9.967713178844122,edea,78.8,88,40,1.12
45.835293202428005,-96.83577505335863,wahpeton,37.74,59,1,8.05
30.940601751327378,-85.6870436228465,dothan,68.77,43,75,4.7
73.56481093215737,1.2707978034936787,roald,33.8,96,92,38.72
84.32756562475532,-177.63635361601897,mys shmidta,-17.96,54,32,7.96
61.01723330367798,160.77915730586324,evensk,13.28,79,76,19.71
25.526284154115658,27.54585846682079,asyut,64.08,38,0,9.98
-58.09879266640469,154.21973900089063,hobart,39.78,91,92,25.64
-77.31378102353025,-40.403951010937874,ushuaia,-5.81,98,8,25.3
22.998247543571892,169.85741216150052,butaritari,73.31,100,0,27.76
89.76963098563678,-32.192117528763504,illoqqortoormiut,-14.72,68,48,9.98
63.64089935157435,91.13066845348521,teya,-19.13,54,0,2.93
43.15306423152538,69.64330955159849,zhanatas,14.76,62,0,5.61
-0.781835579646355,67.50806545087013,hithadhoo,83.21,100,36,8.41
-16.6704342749226,-37.74399684968225,santa cruz cabralia,81.68,100,36,12.44
-23.34476697319792,59.42874443926925,mahebourg,80.01,100,48,21.05
77.11685757764596,-62.17866388451243,narsaq,-33.57,52,24,5.17
77.2718786890475,-152.24613775431305,barrow,-7.34,94,64,25.3
5.039270943424,-52.038920542314756,cayenne,80.6,74,75,13.87
22.465772005194182,84.11551219618019,sundargarh,63.14,92,0,3.15
-87.70343796474722,99.62817584810148,albany,-58.41,0,32,12.21
62.035597351593054,-52.87617305887703,nuuk,37.53,98,76,37.83
80.46730218631618,44.483418018232925,belushya guba,0.63,96,36,32.12
11.542190910259393,64.06134167186252,kavaratti,81.32,100,0,8.75
7.069789129239155,5.92211355579127,auchi,72.36,95,44,2.71
-24.677875937822108,178.1812633475853,isangel,78.21,100,0,8.3
25.529790327627722,32.54460482751716,luxor,75.2,36,0,4.7
-53.23758115183688,-49.31303693259434,mar del plata,43.79,98,44,31.34
-14.15181380222971,-92.28123306102259,san cristobal,73.58,100,48,15.9
-13.211851024771804,118.40512857255334,waingapu,86.36,99,0,2.37
25.93472313749041,44.248804945567116,buraydah,69.8,40,0,5.82
25.67245557211365,-67.26756957752119,cockburn town,70.38,100,0,5.39
26.149649647876984,161.3157343404945,hasaki,71.24,100,8,23.06
-36.72059318551444,137.54836262047672,victor harbor,67.23,96,36,4.72
59.354226398910356,-81.49289233822253,attawapiskat,-0.36,99,44,30.33
69.27298528173483,124.1832846658358,zhigansk,-24.08,72,12,4.61
26.387560207623537,81.0608119073803,maurawan,62.6,77,0,3.38
-0.10453060059887775,-22.07888107377366,georgetown,81.32,99,12,11.77
-6.177436253647443,5.018025121271762,gamba,80.28,100,100,11.77
21.46541298875708,47.18145361687627,riyadh,69.71,32,76,6.4
-51.949554157493374,-27.20550484907224,cidreira,41.13,100,44,36.26
10.888988632106148,-175.8484912012856,kapaa,81.14,99,56,16.02
39.04565974000732,163.4835933512128,severo-kurilsk,56.43,88,92,37.83
16.592789641335628,57.63466321080378,salalah,77.9,100,0,7.85
-25.44298045325236,154.98024343819435,hervey bay,77.76,100,92,20.71
75.57637628586352,0.16169727468016504,barentsburg,32.81,100,92,22.28
18.872934469491867,-7.329748310359776,nara,74.12,22,0,12.88
62.08352055081775,15.4766333119139,bollnas,1.31,70,0,3.38
67.88020843102692,-43.535230364119826,tasiilaq,-15.66,34,0,15.12
20.950193894975797,131.48464670406366,nishihara,76.73,100,88,12.44
-25.28519847134693,69.32123563048378,bambous virieux,77.76,100,48,23.51
-31.30803625456648,61.849980183115576,souillac,74.21,100,20,20.27
-25.571244111582303,-166.7306590826812,alofi,75.47,100,92,9.98
7.241227664395211,-94.10025721852736,champerico,81.86,99,44,15.46
13.074869307125866,26.54290518596676,umm kaddadah,61.56,24,0,8.41
74.73098539865163,-138.6053830677282,aklavik,-6.89,91,76,21.72
55.51904766968863,87.89971902838198,berikulskiy,15.93,88,32,6.17
42.298349306888014,34.01556486187724,kastamonu,50.18,92,24,12.44
78.0380067487821,18.884203247192602,longyearbyen,9.5,68,88,4.16
58.34807591777414,-118.93660853526326,high level,38.84,58,0,5.28
60.41884503544375,-59.95323881503235,pangnirtung,35.51,89,88,28.32
44.15339068250202,-24.503987421019048,praia da vitoria,51.62,100,92,16.13
78.01323499447463,133.07209914880104,nizhneyansk,-20.3,60,36,13.44
-2.538644120465406,-60.884375467866974,manacapuru,75.02,98,56,2.04
-38.5403891471165,57.544355359384696,taolanaro,65.84,95,92,20.04
25.657199383888056,135.02966385911662,naze,70.34,100,12,9.98
85.8234724807995,92.990353793601,khatanga,-15.12,70,64,6.62
3.6703567210070105,-115.61938932774058,san patricio,79.07,100,44,5.61
42.00395644813423,103.6042616841221,hovd,35.19,86,92,8.63
-50.13693071816969,-83.62344888665496,coihaique,46.58,100,68,20.83
63.02156053134456,-97.4210899320818,thompson,-16.88,74,88,13.33
-2.8316244707588254,-54.94432260899703,santarem,77.0,100,75,2.24
76.62254046066906,-84.98676771352083,qaanaaq,-49.46,0,0,0.47
22.30116312217632,-91.2540958447699,celestun,76.28,100,0,15.23
60.916263860833794,-106.75741652006943,la ronge,15.93,90,0,13.67
-17.741323493840127,133.1642167391596,ngukurr,83.84,58,20,6.96
-32.961139172184765,94.85802875259145,geraldton,64.76,100,32,17.02
-36.09312032351855,162.86613500654977,ahipara,70.11,100,48,13.44
36.360336976636205,-86.78682708172607,goodlettsville,65.88,37,90,8.05
-58.99880974916748,133.11059009099813,new norfolk,36.77,100,80,9.08
2.849594421586673,124.23212639392375,manado,83.61,100,0,8.75
-52.270897691603714,26.961720516359833,kruisfontein,36.77,99,88,31.12
-39.50966690913801,21.04565298406368,bredasdorp,60.89,100,12,7.63
-25.28531986838624,-64.7012201989343,salta,68.76,85,0,2.37
36.6650270029823,2.494757715057574,medea,50.0,87,40,3.36
-13.593566029378593,164.24878736074362,lata,84.69,99,48,14.9
65.38246169717584,101.36196318131937,tura,-11.57,72,8,10.42
23.8423672994915,-7.549808040096423,taoudenni,60.21,40,0,12.1
8.083611929263455,-38.53855903980036,itarema,77.58,100,36,19.48
2.544835749228625,87.5595577669273,hambantota,84.06,100,92,8.63
68.87832023421458,154.04361196502026,srednekolymsk,-28.22,45,0,10.98
1.1066589745278606,-63.145322495408905,barcelos,87.44,54,24,4.72
-28.82699749046958,-67.77287385651562,la rioja,58.73,33,0,0.36
-17.502618970465136,-39.758338769340696,itamaraju,78.39,81,0,10.65
25.221419251595506,108.4289614438465,jinchengjiang,60.84,99,92,4.38
61.978801450204685,-11.361805663556225,sorvag,46.26,100,88,30.33
51.82098680534662,-75.63678943349451,chapais,-0.54,74,44,15.79
41.45673069135157,29.36150981814285,sile,57.2,58,75,11.41
-0.7457455031388207,-83.00089099324497,manta,77.36,100,0,4.38
36.79324391376505,105.38305212551518,baiyin,33.98,99,68,9.19
71.31460309484962,142.49033451520086,deputatskiy,-28.85,47,0,11.32
67.91079011192664,39.39632654301792,ostrovnoy,7.43,83,64,8.19
-56.77434075142185,178.69227773876878,dunedin,42.71,100,44,27.98
-52.242492484259415,69.92624813945937,saint-philippe,43.07,91,88,20.49
48.21646563284483,-79.179186647134,macamic,21.2,31,20,10.29
31.381135592078635,131.0595548156893,kushima,46.53,100,20,4.7
61.71502242871293,-172.59684633668272,provideniya,12.33,100,12,31.9
-23.923209256225192,-87.6764008967528,marcona,67.91,100,44,7.29
-10.529329937926931,55.674885112169704,victoria,81.54,100,80,8.97
62.460253352994556,72.45941050191149,cheuskiny,20.3,87,64,9.19
1.6377246787989606,110.746132348505,kuching,73.4,100,75,2.24
62.648822097099014,48.27919153257474,mezhdurechensk,3.11,64,68,6.4
11.781723163392087,-103.27050270020763,san jeronimo,84.24,97,80,8.41
-4.556872710518448,19.378671791522834,mangai,71.46,99,20,4.16
-88.32571812096049,45.52100413459959,port alfred,-61.88,0,36,7.63
39.65409767349817,-146.23255194821746,kodiak,49.14,100,64,6.51
-45.42092569211671,-45.220932320045165,rocha,62.24,92,0,30.0
-22.2429793279031,104.66174519183534,carnarvon,77.04,100,0,20.15
75.77900387287264,132.16722788434663,tiksi,-23.76,72,8,9.86
55.93912207906101,-130.86102238843065,ketchikan,41.0,80,20,3.36
-14.291152485269066,19.84153245145734,menongue,64.53,99,80,2.37
66.7783131209518,79.43271944219464,tazovskiy,-25.97,40,48,8.97
46.75683468136674,143.3649956167053,novikovo,3.2,84,40,2.24
34.6292143665643,-74.13252159386379,elizabeth city,61.61,100,0,27.54
-18.97846053288731,46.03600067022802,tsiroanomandidy,73.4,61,56,9.64
15.009199199322083,-15.890159239029828,mbacke,80.01,30,36,10.98
44.09481089212201,57.15627042604933,beyneu,34.56,96,88,8.97
-29.395587788341047,119.09319749668754,northam,64.94,49,0,12.21
72.25035653115296,76.9682551505037,dikson,-19.71,58,24,8.63
-1.5045911516168928,93.88761558115152,sibolga,83.61,100,24,7.74
23.303150974148423,85.55814885685339,bundu,69.8,64,75,6.93
-23.508144059087385,131.75317816498853,yulara,81.81,18,0,5.61
-20.882556264656984,66.78530058973129,grand river south east,80.6,100,76,24.07
45.63391654053905,-33.645552897716954,ribeira grande,56.39,96,56,29.77
2.8856757331085987,128.87636376884188,ternate,82.44,100,24,9.64
60.1166727955152,-59.504456308146445,maniitsoq,36.23,84,88,19.71
20.076353652853683,-15.19250765569521,nouadhibou,75.74,27,0,13.44
-26.97369980821926,-16.289894036562345,jamestown,76.37,100,24,8.75
53.5130101502138,18.746573631162903,grudziadz,21.2,53,0,18.34
4.12405090567502,26.478487143609925,obo,69.93,84,20,2.59
33.58679772533435,-66.20997956437675,hamilton,67.19,98,92,37.6
54.80283902468017,-51.32653203118218,saint anthony,34.79,100,76,19.37
-17.96355360497327,66.74240432977325,quatre cocos,79.88,100,88,20.71
58.74026987585006,7.475254202524269,vigeland,26.6,49,0,18.34
51.44669574362757,161.11857301673973,petropavlovsk-kamchatskiy,27.32,100,36,29.1
35.665229810046924,-148.21013733670014,kahului,55.94,100,48,10.76
66.6239258617168,-178.33410104030196,egvekinot,-11.97,75,0,3.27
-4.648558831825824,95.6972874220017,padang,82.49,100,8,4.27
22.532621859801765,64.46011750622691,ormara,77.13,100,0,4.16
13.90625393312304,34.79510824318456,doka,63.95,30,0,7.63
59.14613256181801,-45.03959869568337,nanortalik,34.52,100,20,37.83
9.675383648803617,-13.803543272293098,conakry,75.2,100,20,6.93
-53.051081109863354,-18.289388418135047,arraial do cabo,41.58,95,92,18.03
48.96093017906148,-102.12311142887545,oxbow,30.2,68,90,14.99
43.951372926101016,138.92704264307775,iwanai,31.55,100,20,18.7
-23.71865790344765,6.937030186176031,henties bay,71.01,100,64,22.84
-40.69708180655404,2.538933500632595,saldanha,59.63,93,92,31.9
47.129606481608846,-135.10291175684068,port hardy,43.88,100,92,13.78
-14.045558400295292,47.366499142020814,antsohihy,77.58,100,92,21.27
50.667552032731464,28.122298796720827,dovbysh,27.23,94,92,20.71
3.8046753080867717,-50.9964564315753,saint-georges,76.14,100,92,4.72
8.74936120711196,97.12439064826606,phangnga,84.51,100,0,8.97
69.91072950124999,-61.25579687353397,upernavik,-16.07,96,12,18.37
37.65159897348664,-151.24742374538775,ahuimanu,55.08,94,92,17.69
-6.344784252070639,115.4365845413165,kalianget,82.85,100,36,2.48
25.460889856349795,110.64615596389945,guilin,59.0,93,75,4.47
-16.957549496950918,111.04035941313413,karratha,83.34,100,0,9.42
20.199841190565124,23.10065831098342,faya,57.69,25,0,4.38
-0.6447125842963146,2.9968414305557474,port-gentil,82.13,100,76,11.21
50.8898055321863,151.49666267364296,vostok,16.74,100,44,38.05
7.209464966047065,-8.75034156590425,ganta,75.06,85,36,7.29
34.45478308316038,111.66393619838135,yima,35.78,65,64,2.93
47.673008768453315,16.780612111001744,fertod,44.01,81,75,1.12
27.294238202007875,93.7120378203503,itanagar,58.59,99,88,1.92
-0.8479940893455193,-34.065200263105055,touros,79.88,100,68,8.97
-13.061203531634902,-71.30033024671653,paucartambo,52.52,89,12,1.36
44.137036817727875,41.77812806633273,khabez,30.69,82,0,4.72
57.51069957689015,93.06181590615455,kazachinskoye,22.46,86,80,6.06
88.54616903768323,35.00503690082522,vardo,-16.61,50,20,16.46
67.60536993340483,65.77740187133946,kharp,-14.22,82,64,3.15
85.1845138418177,171.27089847109954,pevek,-16.61,75,24,6.73
45.095128465153806,137.5392810415167,terney,28.49,100,12,19.26
43.85172094180615,48.73068162365689,kaspiysk,41.76,100,76,12.88
7.349879717075709,0.9803902031068503,amlame,76.86,90,64,6.17
2.1255580493313317,-13.384602252337743,monrovia,81.95,100,56,13.22
36.303969557265816,102.78578139091246,linxia,33.93,100,92,2.93
-4.116993419857806,24.4248856983815,lodja,70.07,91,56,2.82
69.01204927150954,43.88667983763571,kamenka,10.31,100,56,21.94
-0.275916328749517,-152.2642846662303,faanui,78.44,98,0,18.03
4.784083463129349,106.32739500114747,kerteh,80.28,100,92,10.2
49.7400123386893,-35.73501066043079,lagoa,47.79,100,92,18.48
49.629589848450564,49.942557367478685,aleksandrov gay,23.63,88,0,10.65
65.67458396075767,-70.24652993380204,iqaluit,-2.97,73,48,10.54
24.46613946184121,110.94708676170546,babu,61.74,100,92,2.93
67.43561515696379,172.2199076646056,komsomolskiy,-22.14,61,8,3.71
25.4275297818007,-0.8797445015715937,adrar,69.44,15,0,15.01
67.4746168559891,59.21922193214536,inta,-9.05,66,64,12.44
3.6596573419430456,138.08516788701417,kloulklubed,83.34,100,0,3.6
5.718173932576448,53.96777642833814,eyl,81.54,100,80,11.65
24.168334008205363,-33.50079564172523,ponta do sol,69.93,100,12,13.67
65.1089726316471,-139.3275791215426,mayo,31.86,86,20,11.1
36.38054960214825,1.5160267183550218,sidi ali,50.0,93,40,10.29
44.135112382455475,-119.1436579202109,baker city,39.78,86,90,2.82
29.06824139018852,-77.70781286498377,high rock,69.48,100,0,10.98
-18.173466608997515,128.85312817314264,kununurra,87.03,37,0,5.39
66.35458314598804,108.0612463451705,aykhal,-9.81,65,36,5.73
61.354156269309215,-163.65614701411317,bethel,18.23,95,68,17.02
35.30798033574747,-76.05628989447244,havelock,48.2,57,1,12.75
30.126951671496812,49.756820954386626,hendijan,66.83,100,68,23.73
-24.58362095109078,-96.01430823841159,pisco,73.76,100,0,8.75
37.6778796546331,-110.99050955229494,price,45.77,47,64,9.31
44.14624487212578,3.320217829957244,millau,34.56,100,92,2.93
11.148714396406177,-95.04950731081618,ocos,83.75,94,24,11.21
-27.276683634940234,-53.82071724778983,tres passos,76.46,86,8,2.59
31.531578115754826,131.78352750464245,nichinan,50.0,57,20,19.46
86.22367260150864,-41.69495781583328,ilulissat,-11.79,78,32,20.04
18.611456409262047,103.60870474308325,pakxan,67.01,92,100,2.15
15.09739682282256,-50.50817439439237,bathsheba,76.55,100,80,15.79
65.8723250591076,-59.261791440784776,sisimiut,-3.65,91,76,48.12
71.24936020273273,-0.8876662443228156,klaksvik,39.51,99,48,34.25
62.76765246910628,126.65107300035623,berdigestyakh,-11.84,75,56,6.96
49.10936018075299,60.42283356344447,svetlyy,21.83,89,80,9.64
-33.49614905682954,39.33735892376694,richards bay,68.04,100,64,24.07
47.56330707128342,-4.935262460729831,plouzane,49.23,100,76,10.42
-19.763315916090463,159.56414756426017,poum,81.95,98,88,12.33
33.65105495264025,-62.01240996092406,saint george,66.38,100,100,38.16
27.79902020731282,68.97347312184209,rohri,69.8,64,0,46.08
7.100050439606662,43.65630748850836,jijiga,62.06,53,0,1.7
42.11773303270883,-5.287623890185785,benavente,39.38,94,92,17.81
54.3759996198163,43.228717461842905,barashevo,5.45,75,0,4.5
18.504991128692126,12.135130161313612,bilma,64.13,18,0,5.28
-18.17644560095077,-155.29588515263825,vaitape,76.19,100,64,7.74
9.886807610642705,83.88867417114034,trincomalee,81.09,100,36,9.98
-11.307746519997053,-179.80326022262588,vaitupu,84.51,100,48,4.72
-21.15959147103186,135.33851318935035,alice springs,86.9,30,0,4.5
19.698110211745202,-4.720502824308028,araouane,68.76,23,24,9.98
40.7729051059533,14.216705032722757,naples,54.75,87,0,4.94
3.8670018278203315,93.79250270730938,banda aceh,83.93,100,0,2.37
7.909490762312998,113.18990708153598,labuan,81.41,100,0,17.92
18.900496233683768,-120.52839135028381,constitucion,71.78,100,48,16.69
9.244905012840817,-4.336431384398196,dabakala,77.13,85,76,10.65
43.88789559258916,143.71441401322733,kitami,14.0,85,75,5.82
44.48393147210021,-22.34005444895729,rabo de peixe,52.29,100,92,7.96
-43.92894673094451,27.880864340384505,port elizabeth,50.0,100,44,26.19
34.2757036367028,-14.360573678410532,camacha,61.38,100,56,18.92
14.858833450020228,69.34907970995329,malwan,84.02,95,68,10.42
-29.89153120004425,-59.24542925994106,goya,73.76,78,68,5.17
68.33505202060581,-24.29014750724619,bolungarvik,23.36,100,92,26.64
4.417762523623779,-65.86832456222284,inirida,68.13,92,20,1.14
36.33862155535495,129.7685195604302,nagato,40.55,100,0,5.61
-50.63914530502596,127.79660150322275,esperance,41.04,100,92,44.76
-39.1403088979223,47.700416381018556,tsihombe,60.03,100,100,19.71
50.32834284041542,-61.60573968262969,havre-saint-pierre,30.2,92,90,16.11
24.899770714947067,-136.0964113887844,pacific grove,65.21,100,0,11.32
20.183814449828873,5.090673775538761,arlit,66.51,22,0,5.06
6.00434702529418,152.07790218556164,kavieng,83.39,100,64,15.46
-28.7688475010469,10.11919905189714,luderitz,69.93,100,0,29.33
-15.497398530206766,-143.32082209399204,tautira,81.95,100,64,17.36
55.57950775071865,-123.01832172252303,mackenzie,39.2,69,75,3.36
39.1751546903742,169.03431413352678,nikolskoye,57.56,94,68,31.23
-9.551176505385627,34.07084653162826,mwaya,72.77,100,64,2.37
22.447343990691067,-134.2803455988533,lompoc,67.91,100,80,12.21
30.44967777155742,83.03358069294103,jumla,-17.82,53,8,1.92
75.18066695370345,178.4791130259187,leningradskiy,-4.19,93,68,13.56
-5.87528170179047,-81.54310090563648,sechura,72.77,96,12,11.43
-23.388644850353515,162.90748991831015,pouembout,80.6,100,0,3.94
-27.127093636768038,153.50612730430038,bongaree,77.0,69,20,9.17
44.949906381452166,59.47691307799113,karauzyak,29.57,86,92,17.13
36.232314323995,-119.34037509331414,tulare,56.52,93,75,4.7
-16.969499647267938,54.95404924416968,saint-denis,80.6,100,20,20.27
13.403479612234023,-105.17882836388225,lazaro cardenas,82.98,100,88,5.17
25.517556887484602,-17.856608958364006,arona,64.76,100,76,11.77
46.76197625465511,44.58719802820141,troitskoye,30.2,92,0,2.59
5.620353174101368,-105.38809900604377,acapulco,79.74,100,64,5.73
-11.63608307024144,114.10125804878044,denpasar,84.51,100,0,9.75
71.18353470584302,-68.37798467708198,clyde river,-22.82,69,12,7.63
71.46242407803436,63.16855896246943,amderma,-11.52,77,24,20.27
-16.6410558336905,-55.358895046986234,barao de melgaco,82.49,73,0,4.16
45.376609331981825,-4.916866700709363,llanes,49.86,100,32,18.03
58.503624128375975,-113.91834622106047,hay river,39.92,58,12,5.06
-10.627464511631615,101.92599046295373,labuhan,82.67,100,36,4.83
41.0035055784617,-115.71006781172153,elko,48.2,68,75,14.99
64.89303214667154,157.03002521980193,omsukchan,-14.81,43,24,3.38
38.4396591238382,23.726189579806487,filla,54.63,76,0,5.82
21.644668611345296,112.75258344104435,taicheng,69.89,99,88,17.81
-9.450796957241863,117.47438432133526,sumbawa,83.75,100,0,3.27
60.28287198204691,101.76697427450597,vanavara,18.95,76,76,9.75
35.54606333546229,48.36386182966845,bahar,28.31,82,36,2.48
74.4398414714166,157.3209660175325,cherskiy,-28.22,46,8,4.61
45.45182065342598,116.99532537970987,chifeng,17.28,67,36,3.04
50.21238440955449,-107.19734194457313,swift current,32.0,96,90,8.05
53.41424925569888,-21.46186986587591,vestmannaeyjar,48.56,100,80,9.31
23.833538209208115,-118.80184088289778,guerrero negro,63.54,100,92,5.39
-7.18882724287117,-80.55891933552847,pimentel,71.87,100,36,13.44
60.92897121520977,-120.29438479491071,fort nelson,37.13,69,0,3.15
-1.6580528270538792,-37.76359423143833,jardim,83.79,97,0,13.44
42.63113127895045,13.488628881449756,montorio al vomano,53.6,71,0,4.7
-5.067851600426678,-36.612699562909285,macau,82.67,100,0,17.92
7.088289668811285,-21.877007920210048,bubaque,77.09,100,76,6.85
-10.109305802945599,-60.803067178540786,aripuana,73.49,96,64,2.59
38.174978603458214,94.08132856087087,yumen,22.46,72,64,2.37
52.42268846145504,-47.77453581841402,bonavista,37.58,100,88,16.8
-27.321507120968846,-25.790896607437077,vila velha,78.35,99,56,18.92
1.0087497081211296,35.66017165790933,kabarnet,57.78,98,64,1.92
30.77001610618683,65.19934743604321,qandahar,45.23,41,0,2.82
39.845377670574834,137.64362915361937,ryotsu,33.8,100,0,8.63
-50.59309814364668,40.31250468635605,east london,39.29,100,20,16.24
24.778647098526264,81.12212328080977,semaria,70.79,52,44,3.15
38.2259983540668,-103.25349224137926,lamar,67.03,8,1,20.8
-21.88090832745982,-94.45852624816531,hualmay,71.64,100,20,14.9
8.118265599730918,-78.44484920461026,garachine,83.21,81,0,16.13
51.59695289020348,109.70441857421366,novokizhinginsk,19.67,69,0,4.94
-24.066892229088452,153.27324795863865,bundaberg,79.07,100,76,19.15
-25.48198071772363,33.277826935801414,macia,71.69,95,92,22.28
-26.29322599925294,179.70349311448274,russell,77.0,100,0,7.07
32.06561822817723,77.13813932366782,kulu,23.45,55,0,2.59
10.174650355448676,4.80229720401789,kontagora,76.19,80,0,2.48
-8.727175570315723,153.6773273305762,buin,82.4,100,88,10.65
57.26707032118492,89.20228318061447,tyukhtet,21.56,86,76,4.83
35.11014193775431,-86.27452524901601,tullahoma,66.2,52,75,8.05
45.044550108091954,-128.00918267420104,newport,47.34,100,32,22.84
60.68659670895872,-8.484915077753726,toftir,44.73,100,44,34.92
52.240356579987036,-6.88140180797572,dunmore east,45.59,96,12,9.86
67.70342542035146,-8.855365256493656,vestmanna,37.13,90,92,22.06
40.90474226114213,87.20189549976362,korla,36.18,72,0,4.5
7.973151493360305,87.05727645556021,kalmunai,82.85,100,44,13.56
70.61974216210976,110.41196610399129,saskylakh,-28.31,43,36,6.4
-5.42953226718295,137.46250613727074,nabire,81.86,100,56,3.38
42.713562805865195,-103.04215794710167,scottsbluff,28.4,86,90,4.7
35.42592468365335,113.93652239736832,xinxiang,40.86,49,92,6.17
39.90348326350582,81.98455537058919,kuche,40.68,74,48,2.71
28.492488445310585,-6.270781658269414,tarudant,52.79,25,0,7.4
54.67293214765229,-57.49547448153595,saint-augustin,27.14,86,36,14.79
11.671458910507297,105.04358935067239,phnum penh,74.88,95,32,2.37
-18.70436254622264,10.467519635984189,opuwo,71.33,100,0,20.27
30.29135262402636,-83.88466844389666,tallahassee,69.4,63,1,11.41
-22.19779906248189,24.413490592463717,mopipi,69.39,77,0,2.93
38.946340915597034,-73.09204230141168,brigantine,41.49,100,20,33.91
52.99955953481697,107.33384439511292,khuzhir,26.51,86,76,8.63
-10.950358145766216,92.2712929156582,bengkulu,82.04,100,68,9.08
-15.776687799093395,60.22188056761257,grand gaube,81.68,100,68,17.02
-26.281729767449058,24.054176189763695,vryburg,73.08,36,88,10.98
5.132727180938417,23.574504218179413,rafai,70.38,91,12,2.04
59.43439846426179,-128.69274342082548,smithers,40.46,64,0,2.71
8.601703851132754,-63.394258189000055,ciudad bolivar,87.17,47,0,16.46
24.819743907511395,39.46300006966814,umm lajj,77.0,12,0,9.17
-59.86934866932394,126.71016258284499,mount gambier,34.79,100,44,13.78
25.566409853859952,-22.43542325206576,los llanos de aridane,66.51,100,20,16.58
35.50192046439736,-81.26101356110122,lincolnton,68.85,19,1,7.74
13.193872598706093,122.48754399721929,pagsangahan,79.38,100,56,15.46
-30.239915237240318,-52.46660048493116,rio pardo,66.83,77,0,11.65
-27.37345363070485,-73.9811545141068,vallenar,65.39,100,0,13.78
-27.040520404298597,161.87290411178043,bourail,73.85,100,76,9.64
35.32496501001769,-112.48408786574689,chino valley,48.2,42,40,14.99
-12.467802002766803,143.1685627561726,daru,79.97,100,88,7.29
53.48208093743969,-127.1099070560654,houston,34.7,77,76,2.26
15.282084588059732,76.14507772385872,koppal,68.99,100,80,6.29
-0.3097252731262756,-5.832743219751791,tabou,81.18,100,0,8.41
65.39039845873432,46.864328430101324,leshukonskoye,-3.29,63,44,7.4
10.555488116218626,32.581802204994176,malakal,70.83,27,0,9.19
1.24429027951102,-166.2850002574408,saleaula,79.25,100,48,17.81
-14.141436744470923,178.26681611638816,asau,83.75,100,64,9.31
15.190035897978476,-86.27139389494258,guata,84.2,62,40,2.24
-8.44019642631639,-54.474040020499146,alta floresta,74.93,92,36,0.47
71.77506841150654,71.35891520099983,yar-sale,-21.56,64,24,8.19
-18.086813288455403,150.49099939857604,bowen,81.95,99,12,16.46
-34.965584995779565,-23.48158906183943,sao joao da barra,74.57,95,92,17.92
2.8981288409585204,106.4536765190075,mersing,81.32,100,68,7.63
31.03853280412764,99.44322069070756,yaan,8.06,61,12,3.27
67.2314498474752,11.693147886293048,sorland,36.5,100,76,23.51
59.76839813698726,62.8914892258899,gari,28.49,83,76,6.96
5.571220986200501,128.1379477572064,pundaguitan,80.87,100,64,9.98
19.967374758778845,-78.50434068836466,santa cruz del sur,77.49,100,92,8.41
5.23352613898912,80.70438817756292,matara,81.59,100,92,9.64
10.519578500904942,103.42484334604052,kampot,80.96,100,36,10.76
-0.345142899868776,131.9303872771245,sorong,78.93,85,64,2.71
50.48519487542629,121.15305638691729,genhe,16.88,69,0,7.29
-23.54238654446273,123.64363911273807,broome,88.16,25,0,6.4
15.626565394092594,61.55818853600749,sur,77.63,100,0,5.95
21.174353131360718,-102.14283869144602,san julian,80.6,6,5,14.99
59.18960507863903,26.70328944168375,roela,15.66,91,0,9.75
58.9677621487927,69.84333556980016,turtas,23.27,84,36,7.74
-8.073141070036982,149.89404130723307,popondetta,77.27,100,92,6.29
-28.199212306714635,-82.32993883215228,coquimbo,69.26,100,0,16.46
34.79374991904771,-21.952831748904316,vila franca do campo,62.51,100,0,18.59
40.43947906341003,-109.10873202160134,green river,50.0,21,75,12.75
53.261974443703,-107.10587665771354,shellbrook,30.65,95,36,3.71
42.19894808070498,-99.80690356347749,lexington,30.33,100,90,15.9
51.38710378450722,106.34071041244306,gusinoye ozero,6.39,51,8,2.15
24.243940632782596,29.97006484918387,esna,67.46,30,0,12.44
63.67636691164569,-0.7093753565335703,brae,40.46,100,68,19.82
20.583314207010616,-90.3138078610611,halacho,82.71,74,0,12.88
47.28783147925836,-70.10678666298736,saint-jean-port-joli,21.65,91,76,13.11
54.636161291872355,-15.496599427426247,dingle,49.59,100,56,18.48
70.15138749604338,86.49886990816924,dudinka,-29.3,48,0,3.15
48.91743870951734,40.835194191237235,kashary,26.28,94,76,8.52
83.90358686434331,91.35489216306348,talnakh,-19.76,59,48,2.15
13.489148327521207,74.86999383272146,udupi,78.8,88,75,3.36
-3.026070939317364,-84.71585550268412,el alto,77.0,100,0,9.64
14.858943787534173,107.16525277802617,kon tum,66.38,93,8,1.92
42.28574036437655,-72.1402293641505,ware,32.02,54,75,20.8
43.92729287498955,40.59003814713486,psebay,24.03,97,0,1.92
43.388656131148736,129.99353874946075,wangqing,23.49,54,0,4.61
48.566742015042195,-112.96318547792322,cardston,30.2,100,90,8.05
26.062348728496133,-91.15701938792597,houma,75.38,97,68,12.44
16.738972140520687,-105.25573962244759,manzanillo,77.72,100,0,4.61
30.974395953803906,-105.77629314935355,praxedis guerrero,68.31,15,32,6.96
-18.076382490883702,-73.21590695712659,camana,74.34,100,88,10.98
54.98201732754032,-124.23722655468126,fort saint james,35.51,92,88,2.93
-10.732279995353323,154.5131591963144,gizo,82.71,100,36,12.44
16.450013598245548,-27.605676660448637,porto novo,71.69,100,68,20.94
45.310615809019225,79.74687341948623,sarkand,29.34,95,48,7.85
63.377606852068254,34.57497713060715,segezha,5.27,76,24,12.1
5.584707808769124,-71.44825686929664,trinidad,92.84,34,56,6.62
45.55337967164826,30.431443341558577,zatoka,45.14,87,92,22.84
50.310958033068545,36.92872287029877,volchansk,31.24,100,90,11.18
-37.855221212669676,178.67859126422593,ruatoria,65.84,100,92,23.73
51.003572509118044,89.62416800018184,teeli,3.38,84,20,1.25
4.920734481710895,62.25614924509435,ugoofaaru,82.4,100,32,5.5
8.851633930896483,150.44350326653688,lorengau,81.99,100,44,16.46
-15.77087038983828,-32.7006747534065,belmonte,81.09,100,0,12.77
-6.834435320028916,20.403024938495747,tshikapa,69.98,92,12,2.48
-1.4823024320768212,-68.60073405285115,japura,83.57,76,0,2.93
-18.474698968816284,42.7786780823599,morondava,86.31,96,0,22.17
45.380905911284316,48.05337768256504,kirovskiy,30.96,90,0,9.75
63.591454047292274,-152.68113698561856,kenai,23.0,79,90,4.61
24.192412459074987,87.53237308950366,rampur hat,67.14,68,0,8.08
47.96424218380875,58.44359894479351,emba,29.57,95,92,12.55
18.83004990700408,-84.4064005107773,savannah bight,78.71,100,92,9.42
4.857038111082431,59.12721372262973,bandarbeyla,81.99,100,100,9.42
46.668056258613376,51.54171850160475,balykshi,26.6,86,0,6.71
25.726942618012515,-77.5873659696432,nassau,70.74,100,0,5.73
5.607262334432477,42.30403103930141,mandera,71.19,68,24,4.27
-34.52275639663399,5.590544211748721,oranjemund,65.48,100,0,15.68
48.39791463262779,87.73402696111282,altay,8.91,83,44,2.93
68.77110526785413,-143.31565812333434,fairbanks,5.18,85,0,2.37
42.353718731740656,13.873325915335954,penne,53.6,71,0,4.7
32.14601977171614,141.50772717816034,katsuura,58.86,100,80,32.79
49.57097571502135,0.278021422688596,montivilliers,41.85,81,32,5.82
-50.175506034587144,-66.01221745242383,rio gallegos,51.8,100,20,14.79
-44.6831587288291,137.70287263050756,portland,56.3,98,24,26.87
-9.524374960775774,-148.96497629707545,fare,82.53,100,8,16.46
-5.619185700321282,-36.64978964032545,angicos,83.61,61,24,11.77
10.695789811812418,124.62103381222829,kilim,74.88,100,76,3.49
56.63196951373416,-119.74851301315444,dawson creek,39.83,79,80,2.71
34.43831853360709,-70.56484338660476,virginia beach,63.32,100,0,37.38
-23.50788153744459,-26.06449541436527,caravelas,76.91,100,12,8.08
35.46642578927191,-111.8173896735378,flagstaff,49.91,42,40,14.99
26.11484997242927,-51.893484361029124,codrington,74.16,98,64,9.75
11.943228767828188,-90.29195009257784,acajutla,81.54,98,0,8.52
45.59583424330614,32.07784746011444,lazurne,45.95,88,64,25.86
11.334281042388213,132.50989626587875,meyungs,82.49,100,76,16.02
-10.928762024538514,-27.246033324452554,olinda,80.01,100,32,7.63
42.13134288378242,75.59307168424976,kemin,13.91,61,0,4.83
27.712813663655112,25.848629285158495,marsa matruh,60.21,36,0,9.31
19.536540803346114,-91.40125409670982,sabancuy,80.01,97,0,15.46
9.757667674571024,39.91160381378009,debre sina,69.03,80,88,3.6
58.70900726163947,2.2849803411075413,visnes,33.8,59,24,49.44
38.81111284944194,29.457707871889085,usak,32.94,86,0,2.82
-20.05439033140516,19.915910893064904,grootfontein,68.99,84,12,3.04
41.594119086920614,144.62900359372048,kushiro,31.73,100,0,13.11
15.037632487469963,-29.157604673218316,mindelo,71.87,100,92,20.27
-26.169894478731656,141.8181938103445,broken hill,90.5,32,0,11.99
